<?xml version="1.0" encoding="UTF-8"?>
<!DOCTYPE hibernate-configuration PUBLIC
		"-//Hibernate/Hibernate Configuration DTD 3.0//EN"
		"http://www.hibernate.org/dtd/hibernate-configuration-3.0.dtd">
<hibernate-configuration>
    <session-factory>
        <property name="hibernate.connection.driver_class">com.mysql.jdbc.Driver</property>
        <property name="hibernate.connection.password">dkml1234</property>
        <property name="hibernate.connection.url">jdbc:mysql://localhost:3306/employee_managemant</property>
        <property name="hibernate.connection.username">root</property>
        <property name="hibernate.dialect">org.hibernate.dialect.MySQLDialect</property>
      <property name="hbm2ddl.auto">create</property>
    <property name="show_sql">true</property>
   
   <mapping class="org.anudeep.EmployeeMngntSystem.entity.Admin" />
   <mapping class="org.anudeep.EmployeeMngntSystem.entity.Department" />
  <mapping class="org.anudeep.EmployeeMngntSystem.entity.Salary"/>
  <mapping class="org.anudeep.EmployeeMngntSystem.entity.Employee"/>
  <mapping class="org.anudeep.EmployeeMngntSystem.entity.EmployeeRole"/>
  <mapping class="org.anudeep.EmployeeMngntSystem.entity.AttendanceRecord"/>
  <mapping class="org.anudeep.EmployeeMngntSystem.entity.Project"/>
   
    </session-factory>
</hibernate-configuration>
     